fname,mname,lname,email_id
Corneilus,Julianne,MEDRANO,CorneilusJulianneMEDRANO@gmail.com
Shamara,Brianda,MALDONADO,ShamaraBriandaMALDONADO@gmail.com
Kailan,Micheal,DAVIS,KailanMichealDAVIS@gmail.com
Jannine,Aviance,STOKES,JannineAvianceSTOKES@gmail.com
Eryka,Destina,SUMMERS,ErykaDestinaSUMMERS@gmail.com
Jontrell,Kelie,PARRISH,JontrellKeliePARRISH@gmail.com
Oneil,Jesus,LE,OneilJesusLE@gmail.com
Deserai,Charleton,SPEARS,DeseraiCharletonSPEARS@gmail.com
Stephine,Linda,BOOKER,StephineLindaBOOKER@gmail.com
Dashelle,Toi,COX,DashelleToiCOX@gmail.com
Talon,Salyna,CHANG,TalonSalynaCHANG@gmail.com
Quincy,Wardell,CHERRY,QuincyWardellCHERRY@gmail.com
Colbi,Chessa,HOLT,ColbiChessaHOLT@gmail.com
Reginald,Shianna,FRANCIS,ReginaldShiannaFRANCIS@gmail.com
Raeven,Joshua,LUNA,RaevenJoshuaLUNA@gmail.com
Laquaysha,Tyniesha,ROSAS,LaquayshaTynieshaROSAS@gmail.com
Deren,Anila,GATES,DerenAnilaGATES@gmail.com
Nicolle,Kutter,BECK,NicolleKutterBECK@gmail.com
Dutchess,Jovanna,PACHECO,DutchessJovannaPACHECO@gmail.com
Iram,Brean,NIELSEN,IramBreanNIELSEN@gmail.com
Anis,Nicolena,MAYER,AnisNicolenaMAYER@gmail.com
Gizzel,Teal,MAYNARD,GizzelTealMAYNARD@gmail.com
Raevin,Marvins,JOHNS,RaevinMarvinsJOHNS@gmail.com
Sarra,Louann,MEYER,SarraLouannMEYER@gmail.com
Junita,Caressa,MCLEAN,JunitaCaressaMCLEAN@gmail.com
Takayla,Sharmaine,REYNA,TakaylaSharmaineREYNA@gmail.com
Jaamal,Avery,KANE,JaamalAveryKANE@gmail.com
Aariel,Makenna,SANTANA,AarielMakennaSANTANA@gmail.com
Jorge,Rawley,SCHULTZ,JorgeRawleySCHULTZ@gmail.com
Rhiannon,Jaret,CASTANEDA,RhiannonJaretCASTANEDA@gmail.com
Derell,Damain,MCCOY,DerellDamainMCCOY@gmail.com
Rickeshia,Monesha,BULLOCK,RickeshiaMoneshaBULLOCK@gmail.com
Dyan,Dondre,KIRK,DyanDondreKIRK@gmail.com
Pearl,Jaquetta,CALHOUN,PearlJaquettaCALHOUN@gmail.com
Aldemar,Angel,RUSSO,AldemarAngelRUSSO@gmail.com
Wilman,Wesleigh,ALEXANDER,WilmanWesleighALEXANDER@gmail.com
Jorey,Treasure,SULLIVAN,JoreyTreasureSULLIVAN@gmail.com
Raquita,Tyrel,AVERY,RaquitaTyrelAVERY@gmail.com
Kynesha,Arian,STRONG,KyneshaArianSTRONG@gmail.com
Colisha,Durrell,MORRISON,ColishaDurrellMORRISON@gmail.com
Amin,Kashawn,FISCHER,AminKashawnFISCHER@gmail.com
Nathaly,Lendsey,RIVAS,NathalyLendseyRIVAS@gmail.com
Nikcole,Maikia,TRUONG,NikcoleMaikiaTRUONG@gmail.com
Jonerik,Gracy,ALVARADO,JonerikGracyALVARADO@gmail.com
Shoshone,Korin,SOLOMON,ShoshoneKorinSOLOMON@gmail.com
Devlin,Briane,MURPHY,DevlinBrianeMURPHY@gmail.com
Tiago,Jigar,FOX,TiagoJigarFOX@gmail.com
Koral,Necia,PERRY,KoralNeciaPERRY@gmail.com
Cecile,Tee,HAYDEN,CecileTeeHAYDEN@gmail.com
Henry,Kathya,ANDREWS,HenryKathyaANDREWS@gmail.com
Jherica,Jody,BUSH,JhericaJodyBUSH@gmail.com
Donnell,Lindy,HANSON,DonnellLindyHANSON@gmail.com
Donyell,Dejane,HENSON,DonyellDejaneHENSON@gmail.com
Rico,Marquise,DRAKE,RicoMarquiseDRAKE@gmail.com
Davonta,Romance,STEPHENS,DavontaRomanceSTEPHENS@gmail.com
Cienna,Yalonda,HUERTA,CiennaYalondaHUERTA@gmail.com
Ronell,Vernessa,HAMMOND,RonellVernessaHAMMOND@gmail.com
Ren,Eleanor,BROWNING,RenEleanorBROWNING@gmail.com
Shahara,Brittnee,GILLESPIE,ShaharaBrittneeGILLESPIE@gmail.com
Griselda,Tanina,BURNETT,GriseldaTaninaBURNETT@gmail.com
Adrienne,Kiyoshi,MCCLAIN,AdrienneKiyoshiMCCLAIN@gmail.com
Larz,Reshard,OLSON,LarzReshardOLSON@gmail.com
Fermin,Keeshia,ESPINOZA,FerminKeeshiaESPINOZA@gmail.com
Jassmin,Laquisha,STEIN,JassminLaquishaSTEIN@gmail.com
Elric,Francesco,SANDOVAL,ElricFrancescoSANDOVAL@gmail.com
Dezare,Micole,TATE,DezareMicoleTATE@gmail.com
Hugo,Ronaldo,WELLS,HugoRonaldoWELLS@gmail.com
Shanara,Rafael,WILLIAMSON,ShanaraRafaelWILLIAMSON@gmail.com
Marque,Minnie,BELTRAN,MarqueMinnieBELTRAN@gmail.com
Ladon,Christopherlee,BURCH,LadonChristopherleeBURCH@gmail.com
Dorthea,Twanisha,GILMORE,DortheaTwanishaGILMORE@gmail.com
Ihsan,Dafne,DAY,IhsanDafneDAY@gmail.com
Dvaughn,Martez,HOFFMAN,DvaughnMartezHOFFMAN@gmail.com
Arica,Graylon,PETERSON,AricaGraylonPETERSON@gmail.com
Marquies,Callie,CONNER,MarquiesCallieCONNER@gmail.com
Kalem,Sai,THOMAS,KalemSaiTHOMAS@gmail.com
Disha,Alba,NORMAN,DishaAlbaNORMAN@gmail.com
Marney,Wacey,NICHOLSON,MarneyWaceyNICHOLSON@gmail.com
Benito,Reilly,BENTON,BenitoReillyBENTON@gmail.com
Dodge,Naaman,SALINAS,DodgeNaamanSALINAS@gmail.com
Gwendalyn,Makia,MCINTYRE,GwendalynMakiaMCINTYRE@gmail.com
Lemuel,Chaquana,PALMER,LemuelChaquanaPALMER@gmail.com
Adia,Kyran,CAMERON,AdiaKyranCAMERON@gmail.com
Sharna,Latrece,WILKERSON,SharnaLatreceWILKERSON@gmail.com
Aakash,Julyssa,GIBBS,AakashJulyssaGIBBS@gmail.com
Liat,Jonte,PARKS,LiatJontePARKS@gmail.com
Deaven,Brad,ADKINS,DeavenBradADKINS@gmail.com
Jalysa,Rabih,MONROE,JalysaRabihMONROE@gmail.com
Kennetha,Cedricka,MCLEAN,KennethaCedrickaMCLEAN@gmail.com
Li,Ronnita,BECK,LiRonnitaBECK@gmail.com
Cecile,Emmett,VELASQUEZ,CecileEmmettVELASQUEZ@gmail.com
Sisilia,Teara,BURNETT,SisiliaTearaBURNETT@gmail.com
Deserai,Meggie,HAMILTON,DeseraiMeggieHAMILTON@gmail.com
Louisa,Lourdes,SANTOS,LouisaLourdesSANTOS@gmail.com
Latiya,Champayne,PHELPS,LatiyaChampaynePHELPS@gmail.com
Chakita,Kathaleen,MARIN,ChakitaKathaleenMARIN@gmail.com
Sharlee,Czarina,GRIMES,SharleeCzarinaGRIMES@gmail.com
Davion,Tabithia,MIRANDA,DavionTabithiaMIRANDA@gmail.com
Marrisha,Cyrena,MASSEY,MarrishaCyrenaMASSEY@gmail.com
Rudolf,Bartholomew,WIGGINS,RudolfBartholomewWIGGINS@gmail.com
Finn,Banessa,MAYO,FinnBanessaMAYO@gmail.com
Lacci,Young,CARLSON,LacciYoungCARLSON@gmail.com
Helga,Cherine,HAMILTON,HelgaCherineHAMILTON@gmail.com
York,Donzel,HENRY,YorkDonzelHENRY@gmail.com
Joushua,Soraya,CONTRERAS,JoushuaSorayaCONTRERAS@gmail.com
Samar,Jennine,ODONNELL,SamarJennineODONNELL@gmail.com
Zelda,Peyton,HOOVER,ZeldaPeytonHOOVER@gmail.com
Bilaal,Gelsey,BRADSHAW,BilaalGelseyBRADSHAW@gmail.com
Catelynn,Tameshia,MONTGOMERY,CatelynnTameshiaMONTGOMERY@gmail.com
Keithon,Oneil,THORNTON,KeithonOneilTHORNTON@gmail.com
Colette,Malori,MCLAUGHLIN,ColetteMaloriMCLAUGHLIN@gmail.com
Jermon,Lashunda,KRAMER,JermonLashundaKRAMER@gmail.com
Takia,Darlena,HALL,TakiaDarlenaHALL@gmail.com
Valente,Kamal,PATTERSON,ValenteKamalPATTERSON@gmail.com
Cormac,Stephanic,WALLACE,CormacStephanicWALLACE@gmail.com
Hitomi,Demetris,WEAVER,HitomiDemetrisWEAVER@gmail.com
Markeita,Vernonica,BARNETT,MarkeitaVernonicaBARNETT@gmail.com
Markevis,Abdel,ORR,MarkevisAbdelORR@gmail.com
Caroll,Janill,BRYAN,CarollJanillBRYAN@gmail.com
Marielena,Denise,ESPARZA,MarielenaDeniseESPARZA@gmail.com
Clementina,Eri,MADDOX,ClementinaEriMADDOX@gmail.com
Amarilis,Brittnie,MUNOZ,AmarilisBrittnieMUNOZ@gmail.com
Hadiyah,Tang,FLORES,HadiyahTangFLORES@gmail.com
Cortney,Andreka,SIMPSON,CortneyAndrekaSIMPSON@gmail.com
Vinicio,Tulsa,SHEPARD,VinicioTulsaSHEPARD@gmail.com
Martrez,Adriana,JARAMILLO,MartrezAdrianaJARAMILLO@gmail.com
Tenishia,Oneill,AUSTIN,TenishiaOneillAUSTIN@gmail.com
Catelin,Brenner,MARTIN,CatelinBrennerMARTIN@gmail.com
Andelyn,Heber,ALVAREZ,AndelynHeberALVAREZ@gmail.com
Hind,Jashaun,SALINAS,HindJashaunSALINAS@gmail.com
Rj,Maximino,MCDOWELL,RjMaximinoMCDOWELL@gmail.com
Anndrea,Deeba,BRADLEY,AnndreaDeebaBRADLEY@gmail.com
Hortensia,Travaris,ROMAN,HortensiaTravarisROMAN@gmail.com
Dalicia,Deniss,VAUGHN,DaliciaDenissVAUGHN@gmail.com
Tobey,Dinah,PERKINS,TobeyDinahPERKINS@gmail.com
Marquett,Shawnay,CHANDLER,MarquettShawnayCHANDLER@gmail.com
Aliana,Cornell,CASTANEDA,AlianaCornellCASTANEDA@gmail.com
Aj,Charlesia,SPENCER,AjCharlesiaSPENCER@gmail.com
Clair,Fabiola,COCHRAN,ClairFabiolaCOCHRAN@gmail.com
Lashayna,Marine,CUMMINGS,LashaynaMarineCUMMINGS@gmail.com
Cortavius,Dorene,HOLLAND,CortaviusDoreneHOLLAND@gmail.com
Jewell,Warren,FAULKNER,JewellWarrenFAULKNER@gmail.com
Pratik,Yoseph,TRAN,PratikYosephTRAN@gmail.com
Cheridan,Saunders,COLE,CheridanSaundersCOLE@gmail.com
Tenessa,Shamise,HEBERT,TenessaShamiseHEBERT@gmail.com
Jane,Tabathia,SCHROEDER,JaneTabathiaSCHROEDER@gmail.com
Nels,Grayce,ELLIS,NelsGrayceELLIS@gmail.com
Delena,Masood,LAWSON,DelenaMasoodLAWSON@gmail.com
Pietro,Leianna,BECK,PietroLeiannaBECK@gmail.com
Allon,Boruch,PATTERSON,AllonBoruchPATTERSON@gmail.com
Maddison,Ankur,LEVY,MaddisonAnkurLEVY@gmail.com
Lourdes,Addison,ANDRADE,LourdesAddisonANDRADE@gmail.com
Bryan,Arick,KLINE,BryanArickKLINE@gmail.com
Ia,Nathalie,CAMACHO,IaNathalieCAMACHO@gmail.com
Jenan,Andres,LI,JenanAndresLI@gmail.com
Keiandra,Sylvan,RICE,KeiandraSylvanRICE@gmail.com
Elvia,Kaicee,PENNINGTON,ElviaKaiceePENNINGTON@gmail.com
Dichelle,Steffen,MCINTYRE,DichelleSteffenMCINTYRE@gmail.com
Corliss,Krisina,HORTON,CorlissKrisinaHORTON@gmail.com
Tomas,Dameisha,LARA,TomasDameishaLARA@gmail.com
Lashanae,Shawnda,MCDOWELL,LashanaeShawndaMCDOWELL@gmail.com
Davide,Tavaris,HAWKINS,DavideTavarisHAWKINS@gmail.com
Nadeem,Kanesha,HAMMOND,NadeemKaneshaHAMMOND@gmail.com
Quintavious,Gisselle,BELL,QuintaviousGisselleBELL@gmail.com
Brittiany,Rayshod,VELEZ,BrittianyRayshodVELEZ@gmail.com
Alexzandrea,Jnae,FRIEDMAN,AlexzandreaJnaeFRIEDMAN@gmail.com
Kieth,Lathaniel,BASS,KiethLathanielBASS@gmail.com
Natilie,Jalil,JOSEPH,NatilieJalilJOSEPH@gmail.com
Danequa,Jasmin,ALVARADO,DanequaJasminALVARADO@gmail.com
Jarom,Jauna,CLARK,JaromJaunaCLARK@gmail.com
Titilayo,Susann,PRUITT,TitilayoSusannPRUITT@gmail.com
Ashlee,Sharna,CRAWFORD,AshleeSharnaCRAWFORD@gmail.com
Artavious,Johana,FARRELL,ArtaviousJohanaFARRELL@gmail.com
Kerin,Chanler,MORTON,KerinChanlerMORTON@gmail.com
Chancellor,Nikie,NOVAK,ChancellorNikieNOVAK@gmail.com
Yvett,Mahlik,WHITE,YvettMahlikWHITE@gmail.com
Jermanie,Quanell,CARDENAS,JermanieQuanellCARDENAS@gmail.com
Kenyana,Vantrell,RAMOS,KenyanaVantrellRAMOS@gmail.com
Roxy,Deyona,ARROYO,RoxyDeyonaARROYO@gmail.com
Jude,Rex,LANE,JudeRexLANE@gmail.com
Katiuska,Dalon,WHEELER,KatiuskaDalonWHEELER@gmail.com
Jamey,Dnae,POPE,JameyDnaePOPE@gmail.com
Kristena,Whisper,HUMPHREY,KristenaWhisperHUMPHREY@gmail.com
Jalen,Rajendra,ARNOLD,JalenRajendraARNOLD@gmail.com
Gao,Jomarie,LARSEN,GaoJomarieLARSEN@gmail.com
Nohealani,Nekisha,WALLS,NohealaniNekishaWALLS@gmail.com
Charvez,Lasean,BATES,CharvezLaseanBATES@gmail.com
Amberlynn,Chianne,HUMPHREY,AmberlynnChianneHUMPHREY@gmail.com
Jonathan,Monterrio,HALE,JonathanMonterrioHALE@gmail.com
Mathilde,Whit,BROWN,MathildeWhitBROWN@gmail.com
Aristeo,Millard,STOKES,AristeoMillardSTOKES@gmail.com
Tashara,Sierra,BURTON,TasharaSierraBURTON@gmail.com
Elisha,Tyriece,GILBERT,ElishaTyrieceGILBERT@gmail.com
Dennison,Apryl,CALHOUN,DennisonAprylCALHOUN@gmail.com
Meeka,Vick,PENNINGTON,MeekaVickPENNINGTON@gmail.com
Khirey,Jennel,TANNER,KhireyJennelTANNER@gmail.com
Larita,Alain,MCFARLAND,LaritaAlainMCFARLAND@gmail.com
Lequisha,Jimeka,ACEVEDO,LequishaJimekaACEVEDO@gmail.com
Brandy,Steffen,RAMOS,BrandySteffenRAMOS@gmail.com
Reagan,Boris,MCDANIEL,ReaganBorisMCDANIEL@gmail.com
Markayla,Cooper,GREEN,MarkaylaCooperGREEN@gmail.com
Taleen,Yuka,BLACK,TaleenYukaBLACK@gmail.com
Gannon,Isaiha,ROSARIO,GannonIsaihaROSARIO@gmail.com
Elliot,Ranard,WALLER,ElliotRanardWALLER@gmail.com
Shi,Kou,LOGAN,ShiKouLOGAN@gmail.com
Junaid,Atasha,STANLEY,JunaidAtashaSTANLEY@gmail.com
Brea,Steohanie,SELLERS,BreaSteohanieSELLERS@gmail.com
Amy,Ram,HAMPTON,AmyRamHAMPTON@gmail.com
Juana,Xavier,MEADOWS,JuanaXavierMEADOWS@gmail.com
Lori,Julien,CARPENTER,LoriJulienCARPENTER@gmail.com
Skyla,Meg,FRY,SkylaMegFRY@gmail.com
Reuben,Kella,RICHMOND,ReubenKellaRICHMOND@gmail.com
Abdulkareem,Willaim,HUGHES,AbdulkareemWillaimHUGHES@gmail.com
Rafaella,Charly,BURNETT,RafaellaCharlyBURNETT@gmail.com
Marlyne,Tineka,FARMER,MarlyneTinekaFARMER@gmail.com
Zina,Bradley,COHEN,ZinaBradleyCOHEN@gmail.com
Montarius,Melodie,FITZGERALD,MontariusMelodieFITZGERALD@gmail.com
Brandolyn,Shem,SHANNON,BrandolynShemSHANNON@gmail.com
Nga,Kenji,BELL,NgaKenjiBELL@gmail.com
Janece,Bonnie,HINES,JaneceBonnieHINES@gmail.com
Crystle,Courteney,LEONARD,CrystleCourteneyLEONARD@gmail.com
Daysi,Emmitt,XIONG,DaysiEmmittXIONG@gmail.com
Chyna,Rebakah,SANTOS,ChynaRebakahSANTOS@gmail.com
Rashaunda,Maigan,ABBOTT,RashaundaMaiganABBOTT@gmail.com
Malinda,Miho,PEARSON,MalindaMihoPEARSON@gmail.com
Macon,Clare,CHERRY,MaconClareCHERRY@gmail.com
Antuwan,Rahim,PARSONS,AntuwanRahimPARSONS@gmail.com
Jessyka,Kanae,PAYNE,JessykaKanaePAYNE@gmail.com
Rickey,Taleah,WHITE,RickeyTaleahWHITE@gmail.com
Camie,Etta,DUNN,CamieEttaDUNN@gmail.com
Aleasha,Mette,ROSALES,AleashaMetteROSALES@gmail.com
Tang,Brandi,KENT,TangBrandiKENT@gmail.com
Pelin,Tonie,RICH,PelinTonieRICH@gmail.com
Jenae,Chava,ODOM,JenaeChavaODOM@gmail.com
Andrea,Aron,NEAL,AndreaAronNEAL@gmail.com
Kamia,Tineshia,SCHWARTZ,KamiaTineshiaSCHWARTZ@gmail.com
Heide,Kayia,GOMEZ,HeideKayiaGOMEZ@gmail.com
Christofer,Terresha,RUSH,ChristoferTerreshaRUSH@gmail.com
Parnell,Kyrstin,DUNN,ParnellKyrstinDUNN@gmail.com
Annastasia,Tamica,HOGAN,AnnastasiaTamicaHOGAN@gmail.com
Kristin,Alessandro,DAVENPORT,KristinAlessandroDAVENPORT@gmail.com
Deva,Renecia,WARNER,DevaReneciaWARNER@gmail.com
Teshawn,Aryeh,HANSEN,TeshawnAryehHANSEN@gmail.com
Cayle,Avraham,SPENCER,CayleAvrahamSPENCER@gmail.com
Dionte,Neala,NAVARRO,DionteNealaNAVARRO@gmail.com
Shao,Natasha,LARA,ShaoNatashaLARA@gmail.com
Vanesse,Randy,BURTON,VanesseRandyBURTON@gmail.com
Tashaunda,Jessamy,CALLAHAN,TashaundaJessamyCALLAHAN@gmail.com
Hiram,Ngoc,CONWAY,HiramNgocCONWAY@gmail.com
Anel,Lorah,HEBERT,AnelLorahHEBERT@gmail.com
Ollie,Tamicia,MIDDLETON,OllieTamiciaMIDDLETON@gmail.com
Katy,Kennia,MACDONALD,KatyKenniaMACDONALD@gmail.com
Jacky,Sydnie,HERRERA,JackySydnieHERRERA@gmail.com
Janeice,Mileah,GLENN,JaneiceMileahGLENN@gmail.com
Amanuel,Agustus,HARRIS,AmanuelAgustusHARRIS@gmail.com
Kriston,Myda,BRIDGES,KristonMydaBRIDGES@gmail.com
Ryker,Elizabethann,MURRAY,RykerElizabethannMURRAY@gmail.com
Marquinn,Danilo,DUNLAP,MarquinnDaniloDUNLAP@gmail.com
Terisa,Damaris,VELAZQUEZ,TerisaDamarisVELAZQUEZ@gmail.com
Carl,Bryar,SOLIS,CarlBryarSOLIS@gmail.com
Jacy,Hanz,LAM,JacyHanzLAM@gmail.com
Taelor,Augusto,ELLISON,TaelorAugustoELLISON@gmail.com
Kiele,Dayna,JACOBS,KieleDaynaJACOBS@gmail.com
Nour,Sheela,GOODMAN,NourSheelaGOODMAN@gmail.com
Dax,Selyna,JIMENEZ,DaxSelynaJIMENEZ@gmail.com
Malgorzata,Averi,KNAPP,MalgorzataAveriKNAPP@gmail.com
Jonte,Jakkia,ZIMMERMAN,JonteJakkiaZIMMERMAN@gmail.com
Thad,Drae,MAXWELL,ThadDraeMAXWELL@gmail.com
Ramsey,Myrian,CAMACHO,RamseyMyrianCAMACHO@gmail.com
Kaycie,Demetris,CONNER,KaycieDemetrisCONNER@gmail.com
Dakoda,Khalila,MILES,DakodaKhalilaMILES@gmail.com
Mizuki,Chen,MCDANIEL,MizukiChenMCDANIEL@gmail.com
Shamira,Shaka,DANIEL,ShamiraShakaDANIEL@gmail.com
Shaylie,Samera,ANDERSEN,ShaylieSameraANDERSEN@gmail.com
Leshay,Lydian,PATTERSON,LeshayLydianPATTERSON@gmail.com
Jennie,Chais,TRAN,JennieChaisTRAN@gmail.com
Syndi,Kacy,CRAWFORD,SyndiKacyCRAWFORD@gmail.com
Nicci,Sergei,VELASQUEZ,NicciSergeiVELASQUEZ@gmail.com
Whitney,Shoshannah,STRICKLAND,WhitneyShoshannahSTRICKLAND@gmail.com
Dondre,Shoua,WALLER,DondreShouaWALLER@gmail.com
Toya,Cartez,GAINES,ToyaCartezGAINES@gmail.com
Karri,Lloyd,LE,KarriLloydLE@gmail.com
Seda,Erum,MEYERS,SedaErumMEYERS@gmail.com
Korey,Katherine,CHAN,KoreyKatherineCHAN@gmail.com
Dekota,Kilo,NEWTON,DekotaKiloNEWTON@gmail.com
Allise,Jaran,YANG,AlliseJaranYANG@gmail.com
Elam,Cidney,NOLAN,ElamCidneyNOLAN@gmail.com
Kayln,Xenia,HUFFMAN,KaylnXeniaHUFFMAN@gmail.com
Jasmynn,Treven,BONILLA,JasmynnTrevenBONILLA@gmail.com
Chance,Albertina,GOOD,ChanceAlbertinaGOOD@gmail.com
Shantaya,Alante,CARPENTER,ShantayaAlanteCARPENTER@gmail.com
Nelly,Sari,CARTER,NellySariCARTER@gmail.com
Gerritt,Tanai,ZAVALA,GerrittTanaiZAVALA@gmail.com
Eloisa,Heena,CONRAD,EloisaHeenaCONRAD@gmail.com
Zaquan,Nayra,PROCTOR,ZaquanNayraPROCTOR@gmail.com
Rye,Kristina,PARRISH,RyeKristinaPARRISH@gmail.com
Shalise,Lynsey,GALLAGHER,ShaliseLynseyGALLAGHER@gmail.com
Leydi,Vikram,RANDALL,LeydiVikramRANDALL@gmail.com
Briane,Jarrid,POLLARD,BrianeJarridPOLLARD@gmail.com
Higinio,Emi,SIMS,HiginioEmiSIMS@gmail.com
Chelsei,Breannah,WANG,ChelseiBreannahWANG@gmail.com
Eirc,Carlisle,BRADFORD,EircCarlisleBRADFORD@gmail.com
Lamekia,Raylee,HOWE,LamekiaRayleeHOWE@gmail.com
Treven,Sariah,BAUER,TrevenSariahBAUER@gmail.com
Kalub,Avalon,YU,KalubAvalonYU@gmail.com
Martisha,Kilee,PORTILLO,MartishaKileePORTILLO@gmail.com
Anmarie,Amory,AVALOS,AnmarieAmoryAVALOS@gmail.com
Casondra,Imran,WHITE,CasondraImranWHITE@gmail.com
Brenetta,Mariateresa,DRAKE,BrenettaMariateresaDRAKE@gmail.com
Dakotah,Taji,SMALL,DakotahTajiSMALL@gmail.com
Chao,Daine,VANCE,ChaoDaineVANCE@gmail.com
Kaileigh,Lawren,BERRY,KaileighLawrenBERRY@gmail.com
Ladarrian,Shoshana,CHURCH,LadarrianShoshanaCHURCH@gmail.com
Saran,Adelle,CISNEROS,SaranAdelleCISNEROS@gmail.com
Marsha,Willliam,DAY,MarshaWillliamDAY@gmail.com
Shanita,Tanae,MEDRANO,ShanitaTanaeMEDRANO@gmail.com
Scarlet,Monisha,WOODS,ScarletMonishaWOODS@gmail.com
Shameria,Dameka,MILLER,ShameriaDamekaMILLER@gmail.com
Oliverio,Jary,BOND,OliverioJaryBOND@gmail.com
Mayu,Choua,OWENS,MayuChouaOWENS@gmail.com
Ambrosia,Kenyatte,BARTON,AmbrosiaKenyatteBARTON@gmail.com
Talecia,Gabriella,NICHOLS,TaleciaGabriellaNICHOLS@gmail.com
Mickie,Danne,DONOVAN,MickieDanneDONOVAN@gmail.com
Claryssa,Elliott,TERRY,ClaryssaElliottTERRY@gmail.com
Angelito,Serenna,PARKER,AngelitoSerennaPARKER@gmail.com
Vikas,Coltan,PACHECO,VikasColtanPACHECO@gmail.com
Yumiko,Breeanna,MYERS,YumikoBreeannaMYERS@gmail.com
Alexio,Canishia,PITTS,AlexioCanishiaPITTS@gmail.com
Kendra,Micah,HERRERA,KendraMicahHERRERA@gmail.com
Jermel,Erum,LOWERY,JermelErumLOWERY@gmail.com
Leandria,Carell,RIVERA,LeandriaCarellRIVERA@gmail.com
Saige,Javonda,COMBS,SaigeJavondaCOMBS@gmail.com
Lakeria,Hoang,PHAM,LakeriaHoangPHAM@gmail.com
Fredrick,Shaniqwa,ARMSTRONG,FredrickShaniqwaARMSTRONG@gmail.com
Angelee,Jordain,ROJAS,AngeleeJordainROJAS@gmail.com
Mahealani,Nurah,MOLINA,MahealaniNurahMOLINA@gmail.com
Jabori,Toriano,BRADLEY,JaboriTorianoBRADLEY@gmail.com
Keaton,Julietta,HUYNH,KeatonJuliettaHUYNH@gmail.com
Edgar,Chavez,CALHOUN,EdgarChavezCALHOUN@gmail.com
Laronica,Kathleena,MCFARLAND,LaronicaKathleenaMCFARLAND@gmail.com
Baby,Tri,HODGES,BabyTriHODGES@gmail.com
Tre,Caleigh,PAYNE,TreCaleighPAYNE@gmail.com
Candida,Blandon,JUAREZ,CandidaBlandonJUAREZ@gmail.com
Taysha,Celsey,WILCOX,TayshaCelseyWILCOX@gmail.com
Cessily,Rio,PERALTA,CessilyRioPERALTA@gmail.com
Venesha,Sada,HUBBARD,VeneshaSadaHUBBARD@gmail.com
Misa,Kobi,HARMON,MisaKobiHARMON@gmail.com
Demico,Russel,ZUNIGA,DemicoRusselZUNIGA@gmail.com
Banesa,Kaiya,HALE,BanesaKaiyaHALE@gmail.com
Christen,Dajia,HAWKINS,ChristenDajiaHAWKINS@gmail.com
Maximiano,Wynton,MONTOYA,MaximianoWyntonMONTOYA@gmail.com
Khoa,Torria,HERRERA,KhoaTorriaHERRERA@gmail.com
Robinson,Shakeira,WAGNER,RobinsonShakeiraWAGNER@gmail.com
Essa,Shanquia,WALSH,EssaShanquiaWALSH@gmail.com
Shaquayla,Joffrey,FRANCIS,ShaquaylaJoffreyFRANCIS@gmail.com
Torrance,Elisabeth,SAMPSON,TorranceElisabethSAMPSON@gmail.com
Criag,Christi,GALLAGHER,CriagChristiGALLAGHER@gmail.com
Anneliese,Issaiah,CAMPBELL,AnnelieseIssaiahCAMPBELL@gmail.com
Daijah,Ashlee,MAY,DaijahAshleeMAY@gmail.com
Marlynn,Sayde,WEEKS,MarlynnSaydeWEEKS@gmail.com
Kenza,Chance,CHASE,KenzaChanceCHASE@gmail.com
Eloise,Hazen,WOLF,EloiseHazenWOLF@gmail.com
Jeremi,Lilianna,MADDOX,JeremiLiliannaMADDOX@gmail.com
Cinthya,Amory,GARDNER,CinthyaAmoryGARDNER@gmail.com
Nikolas,Osborne,LYNN,NikolasOsborneLYNN@gmail.com
Renea,Cayenne,COMPTON,ReneaCayenneCOMPTON@gmail.com
Ventura,Shannell,ESTRADA,VenturaShannellESTRADA@gmail.com
Christel,Delvonte,STONE,ChristelDelvonteSTONE@gmail.com
Ildefonso,Kalicia,WEAVER,IldefonsoKaliciaWEAVER@gmail.com
Reema,Trevonte,DUNN,ReemaTrevonteDUNN@gmail.com
Calli,Shawn,SPENCER,CalliShawnSPENCER@gmail.com
Kyria,Christinamarie,NORRIS,KyriaChristinamarieNORRIS@gmail.com
Reese,Karthik,LONG,ReeseKarthikLONG@gmail.com
Leticia,Aldrick,WALLACE,LeticiaAldrickWALLACE@gmail.com
Drew,Maylin,ANDERSEN,DrewMaylinANDERSEN@gmail.com
Wesley,Aniela,WILSON,WesleyAnielaWILSON@gmail.com
Laticia,Rebekah,ESTRADA,LaticiaRebekahESTRADA@gmail.com
Shanesha,Yoselin,FARMER,ShaneshaYoselinFARMER@gmail.com
Selia,Deniz,STAFFORD,SeliaDenizSTAFFORD@gmail.com
Carlisha,Nickolaus,COHEN,CarlishaNickolausCOHEN@gmail.com
Chasmine,Bryttani,ATKINSON,ChasmineBryttaniATKINSON@gmail.com
Daquawn,Jacquelyn,LOGAN,DaquawnJacquelynLOGAN@gmail.com
Jamonica,Jennipher,BURCH,JamonicaJennipherBURCH@gmail.com
Shanell,Deshaun,STANLEY,ShanellDeshaunSTANLEY@gmail.com
Delanie,Derrisha,ENGLISH,DelanieDerrishaENGLISH@gmail.com
Eugenie,Lataya,MYERS,EugenieLatayaMYERS@gmail.com
Traneshia,Shamone,ESCOBAR,TraneshiaShamoneESCOBAR@gmail.com
Jsutin,Yer,ATKINS,JsutinYerATKINS@gmail.com
Hieu,Annabelle,ESCOBAR,HieuAnnabelleESCOBAR@gmail.com
Lyndsie,Sherwanda,CONLEY,LyndsieSherwandaCONLEY@gmail.com
Raima,Amberleigh,MEDINA,RaimaAmberleighMEDINA@gmail.com
Kathrine,Mandisa,STOKES,KathrineMandisaSTOKES@gmail.com
Reynard,Nilda,ANDREWS,ReynardNildaANDREWS@gmail.com
Julita,Dyllan,RICHMOND,JulitaDyllanRICHMOND@gmail.com
Cortrell,Tekia,SIMMONS,CortrellTekiaSIMMONS@gmail.com
Jaxon,Brenda,MELTON,JaxonBrendaMELTON@gmail.com
Qasim,Takoya,MACK,QasimTakoyaMACK@gmail.com
Shareena,Lyn,MOYER,ShareenaLynMOYER@gmail.com
Cheyenne,Antionio,AVERY,CheyenneAntionioAVERY@gmail.com
Halina,Trevor,DURHAM,HalinaTrevorDURHAM@gmail.com
Shaine,Vickie,OLIVER,ShaineVickieOLIVER@gmail.com
Tunisha,Maximilian,ANDREWS,TunishaMaximilianANDREWS@gmail.com
Adarsh,Phaedra,OCONNELL,AdarshPhaedraOCONNELL@gmail.com
Niketa,Kammi,GALVAN,NiketaKammiGALVAN@gmail.com
Jonothon,Mirian,BARAJAS,JonothonMirianBARAJAS@gmail.com
Nikkolas,Loree,LUCAS,NikkolasLoreeLUCAS@gmail.com
Shatavia,Veta,TRAVIS,ShataviaVetaTRAVIS@gmail.com
Dejah,Chawn,FRANKLIN,DejahChawnFRANKLIN@gmail.com
Kellan,Kindall,DUDLEY,KellanKindallDUDLEY@gmail.com
Kyoko,Lela,FISHER,KyokoLelaFISHER@gmail.com
Latishia,Darek,MCDONALD,LatishiaDarekMCDONALD@gmail.com
Kiera,Curtina,DUNCAN,KieraCurtinaDUNCAN@gmail.com
Megyn,Mathis,BISHOP,MegynMathisBISHOP@gmail.com
Ronneka,Yamilett,KEITH,RonnekaYamilettKEITH@gmail.com
Kristos,Shoshannah,SAUNDERS,KristosShoshannahSAUNDERS@gmail.com
Diara,Colm,JENKINS,DiaraColmJENKINS@gmail.com
Siri,Darienne,GUERRA,SiriDarienneGUERRA@gmail.com
Marvette,Jasmyn,DAY,MarvetteJasmynDAY@gmail.com
Aide,Markanthony,NAVARRO,AideMarkanthonyNAVARRO@gmail.com
Krikor,Evert,HARRELL,KrikorEvertHARRELL@gmail.com
Seham,Desirree,MCGUIRE,SehamDesirreeMCGUIRE@gmail.com
Mckinsie,Kayson,KELLY,MckinsieKaysonKELLY@gmail.com
Anacaren,Maryann,CRAIG,AnacarenMaryannCRAIG@gmail.com
Stormy,Lura,FRANKLIN,StormyLuraFRANKLIN@gmail.com
Laprecious,Ieesha,NOLAN,LapreciousIeeshaNOLAN@gmail.com
Canaan,Joya,PERKINS,CanaanJoyaPERKINS@gmail.com
Nicolai,Shanethia,ORTIZ,NicolaiShanethiaORTIZ@gmail.com
Giuliana,Donica,FLOWERS,GiulianaDonicaFLOWERS@gmail.com
Salisa,Walton,SNYDER,SalisaWaltonSNYDER@gmail.com
Shateka,Shikha,BANKS,ShatekaShikhaBANKS@gmail.com
Marnita,Jeanelle,FLEMING,MarnitaJeanelleFLEMING@gmail.com
Thais,Qasim,HUBER,ThaisQasimHUBER@gmail.com
Lynnae,Lynell,ARIAS,LynnaeLynellARIAS@gmail.com
Houa,Artemus,PARRA,HouaArtemusPARRA@gmail.com
Fahd,Jenelle,MCGEE,FahdJenelleMCGEE@gmail.com
Omid,Mikhaila,MERRITT,OmidMikhailaMERRITT@gmail.com
Riva,Chayton,WOOD,RivaChaytonWOOD@gmail.com
Jony,Roselia,JAMES,JonyRoseliaJAMES@gmail.com
Laquinda,Camellia,RAMIREZ,LaquindaCamelliaRAMIREZ@gmail.com
Karole,Devona,SUAREZ,KaroleDevonaSUAREZ@gmail.com
Anand,Cearra,HOLLOWAY,AnandCearraHOLLOWAY@gmail.com
Soo,Brittanye,GONZALEZ,SooBrittanyeGONZALEZ@gmail.com
Giuliana,Julio,FLYNN,GiulianaJulioFLYNN@gmail.com
Cianna,Vandy,JARAMILLO,CiannaVandyJARAMILLO@gmail.com
Phuoc,Jakkar,PERSON,PhuocJakkarPERSON@gmail.com
Farris,Kemal,EATON,FarrisKemalEATON@gmail.com
Chelbe,Kelsha,JACOBSON,ChelbeKelshaJACOBSON@gmail.com
Jerika,Leya,HOOD,JerikaLeyaHOOD@gmail.com
Alieshia,Gisell,SCHNEIDER,AlieshiaGisellSCHNEIDER@gmail.com
Asusena,Krystyne,MAGANA,AsusenaKrystyneMAGANA@gmail.com
Rachyl,Rhea,ELLIOTT,RachylRheaELLIOTT@gmail.com
Tria,Latefa,WHITNEY,TriaLatefaWHITNEY@gmail.com
Saahil,Thomasine,PALACIOS,SaahilThomasinePALACIOS@gmail.com
Geremy,Mallory,CRUZ,GeremyMalloryCRUZ@gmail.com
Callie,Akeena,REYES,CallieAkeenaREYES@gmail.com
Ronny,Jarard,ALVARADO,RonnyJarardALVARADO@gmail.com
Samule,Tanique,MOON,SamuleTaniqueMOON@gmail.com
Jaymie,Shamirra,MEYERS,JaymieShamirraMEYERS@gmail.com
Kylei,Keysha,KIRBY,KyleiKeyshaKIRBY@gmail.com
Vania,Bertin,MCCULLOUGH,VaniaBertinMCCULLOUGH@gmail.com
Dayle,Breck,SHEPHERD,DayleBreckSHEPHERD@gmail.com
Kutter,Lluvia,MCDONALD,KutterLluviaMCDONALD@gmail.com
Amillia,Josilyn,MCPHERSON,AmilliaJosilynMCPHERSON@gmail.com
Roman,Abrahim,STOKES,RomanAbrahimSTOKES@gmail.com
Triana,Siddiq,DURAN,TrianaSiddiqDURAN@gmail.com
Lucinda,Krysten,CORTEZ,LucindaKrystenCORTEZ@gmail.com
Armstead,Eden,QUINTERO,ArmsteadEdenQUINTERO@gmail.com
Shantinique,Ornella,CHRISTIAN,ShantiniqueOrnellaCHRISTIAN@gmail.com
Aliana,Takemia,RAMOS,AlianaTakemiaRAMOS@gmail.com
Ana,Breeana,WILEY,AnaBreeanaWILEY@gmail.com
Jaxon,Neeko,CORTES,JaxonNeekoCORTES@gmail.com
Laporchea,Lari,VALENZUELA,LaporcheaLariVALENZUELA@gmail.com
Erynne,Mynesha,HOFFMAN,ErynneMyneshaHOFFMAN@gmail.com
Aubrea,Triton,JONES,AubreaTritonJONES@gmail.com
Truong,Kirstine,XIONG,TruongKirstineXIONG@gmail.com
Allyx,Servando,MILES,AllyxServandoMILES@gmail.com
Debrah,Mistie,FRANKLIN,DebrahMistieFRANKLIN@gmail.com
Clancey,Keaire,POTTS,ClanceyKeairePOTTS@gmail.com
Larah,Capricia,MERRITT,LarahCapriciaMERRITT@gmail.com
Winnifred,Ammar,BARTON,WinnifredAmmarBARTON@gmail.com
Alisandra,Alistair,MACK,AlisandraAlistairMACK@gmail.com
Abbie,Jonthan,COLON,AbbieJonthanCOLON@gmail.com
Dillon,Honor,VU,DillonHonorVU@gmail.com
Marlyn,Kimika,DUDLEY,MarlynKimikaDUDLEY@gmail.com
Kari,Joesph,BARKER,KariJoesphBARKER@gmail.com
Pattrick,Karl,WILSON,PattrickKarlWILSON@gmail.com
Vi,Shawndrea,HERNANDEZ,ViShawndreaHERNANDEZ@gmail.com
Aquila,Aquarius,PALMER,AquilaAquariusPALMER@gmail.com
Wynne,Conrad,CHERRY,WynneConradCHERRY@gmail.com
Laquon,Deneka,SHEPARD,LaquonDenekaSHEPARD@gmail.com
Sultan,Jamea,MCKEE,SultanJameaMCKEE@gmail.com
Maureen,Shail,SKINNER,MaureenShailSKINNER@gmail.com
Cliff,Gao,FIGUEROA,CliffGaoFIGUEROA@gmail.com
Mattison,Rey,MARSH,MattisonReyMARSH@gmail.com
Dolores,Timmy,GORDON,DoloresTimmyGORDON@gmail.com
Tomisha,Rickeshia,CAMACHO,TomishaRickeshiaCAMACHO@gmail.com
Chika,Ralisha,BROWNING,ChikaRalishaBROWNING@gmail.com
Kelwin,Monae,JUAREZ,KelwinMonaeJUAREZ@gmail.com
Dereginald,Marshea,COOPER,DereginaldMarsheaCOOPER@gmail.com
Truc,Odyssey,RUBIO,TrucOdysseyRUBIO@gmail.com
Alyxandra,Latrisha,ACOSTA,AlyxandraLatrishaACOSTA@gmail.com
Brittannie,Virgilio,FARMER,BrittannieVirgilioFARMER@gmail.com
Timberly,Iram,VELAZQUEZ,TimberlyIramVELAZQUEZ@gmail.com
British,Mikea,CAMACHO,BritishMikeaCAMACHO@gmail.com
Tiye,Selyna,BENTLEY,TiyeSelynaBENTLEY@gmail.com
Jazmeen,Luisangel,HARRISON,JazmeenLuisangelHARRISON@gmail.com
Ashaunte,Shamon,MEYER,AshaunteShamonMEYER@gmail.com
Farshad,Katriece,SHEPARD,FarshadKatrieceSHEPARD@gmail.com
Jazzmyne,Vashti,VAUGHN,JazzmyneVashtiVAUGHN@gmail.com
Shoshana,Johanna,COMBS,ShoshanaJohannaCOMBS@gmail.com
Yeng,Tonie,HARDY,YengTonieHARDY@gmail.com
Carlson,Mija,GUEVARA,CarlsonMijaGUEVARA@gmail.com
Alysen,Enisha,ARIAS,AlysenEnishaARIAS@gmail.com
Nicholes,Tasheem,LIM,NicholesTasheemLIM@gmail.com
Cheyenna,Reco,CALLAHAN,CheyennaRecoCALLAHAN@gmail.com
Beunca,Shonice,PATEL,BeuncaShonicePATEL@gmail.com
Frank,Estefani,MEYER,FrankEstefaniMEYER@gmail.com
Brianca,Javonne,ALVARADO,BriancaJavonneALVARADO@gmail.com
Jhalil,Tempess,ROWE,JhalilTempessROWE@gmail.com
Gizel,Synthia,MURPHY,GizelSynthiaMURPHY@gmail.com
Porschea,Lateef,GOULD,PorscheaLateefGOULD@gmail.com
Colene,Kamryn,PEARSON,ColeneKamrynPEARSON@gmail.com
Dayra,Zonia,AGUIRRE,DayraZoniaAGUIRRE@gmail.com
Kazia,Kimia,HENDRICKS,KaziaKimiaHENDRICKS@gmail.com
Hovig,Isaish,ALVAREZ,HovigIsaishALVAREZ@gmail.com
Robynn,Blaine,CROSBY,RobynnBlaineCROSBY@gmail.com
Deandra,Cornel,KNOX,DeandraCornelKNOX@gmail.com
Ladara,Kamryn,PARKER,LadaraKamrynPARKER@gmail.com
Francheska,Kachiri,CASE,FrancheskaKachiriCASE@gmail.com
Yanessa,Arlee,RUSSELL,YanessaArleeRUSSELL@gmail.com
Amarylis,Lilit,PATEL,AmarylisLilitPATEL@gmail.com
Journey,Sintia,RODGERS,JourneySintiaRODGERS@gmail.com
Cristine,Kashawna,MORAN,CristineKashawnaMORAN@gmail.com
Mazin,Chelsee,STOUT,MazinChelseeSTOUT@gmail.com
Frazier,Atlas,PALMER,FrazierAtlasPALMER@gmail.com
Michaelle,Halston,MORAN,MichaelleHalstonMORAN@gmail.com
Dimas,Denis,STEIN,DimasDenisSTEIN@gmail.com
Darica,Racquel,LARA,DaricaRacquelLARA@gmail.com
Janna,Joshwa,GIBBS,JannaJoshwaGIBBS@gmail.com
Nadira,Fausto,CAIN,NadiraFaustoCAIN@gmail.com
Jamiela,Johney,HERNANDEZ,JamielaJohneyHERNANDEZ@gmail.com
Le,Shauntell,MACDONALD,LeShauntellMACDONALD@gmail.com
Elizette,Stuart,PRATT,ElizetteStuartPRATT@gmail.com
Cala,Capricia,MCGUIRE,CalaCapriciaMCGUIRE@gmail.com
Briann,Kierre,OWENS,BriannKierreOWENS@gmail.com
Deasha,Jeston,CAMPBELL,DeashaJestonCAMPBELL@gmail.com
Adrena,Nyiesha,MURILLO,AdrenaNyieshaMURILLO@gmail.com
Monette,Ora,SWEENEY,MonetteOraSWEENEY@gmail.com
Rishawn,Janine,MARTINEZ,RishawnJanineMARTINEZ@gmail.com
Katherine,Davide,FRENCH,KatherineDavideFRENCH@gmail.com
Sherrel,Larina,SWEENEY,SherrelLarinaSWEENEY@gmail.com
Keirra,Adasha,AUSTIN,KeirraAdashaAUSTIN@gmail.com
Daichi,Valisha,CORONA,DaichiValishaCORONA@gmail.com
Shanikia,Rakia,MORALES,ShanikiaRakiaMORALES@gmail.com
Ciro,Frasier,DAY,CiroFrasierDAY@gmail.com
Kwane,Leonard,SANDERS,KwaneLeonardSANDERS@gmail.com
Dagmar,Reeanna,BUCK,DagmarReeannaBUCK@gmail.com
Anne,Anai,GOLDEN,AnneAnaiGOLDEN@gmail.com
Torrian,Aneesah,TANNER,TorrianAneesahTANNER@gmail.com
Ethon,Mercede,DUNCAN,EthonMercedeDUNCAN@gmail.com
Sunnie,Kashmir,SPEARS,SunnieKashmirSPEARS@gmail.com
Davidmichael,Kianna,LOVE,DavidmichaelKiannaLOVE@gmail.com
Luz,Leydi,CASE,LuzLeydiCASE@gmail.com
Kendon,Deyanira,MANNING,KendonDeyaniraMANNING@gmail.com
Ramy,Morganne,STEELE,RamyMorganneSTEELE@gmail.com
Janine,Thandiwe,MEYER,JanineThandiweMEYER@gmail.com
Brandee,Joanna,STRICKLAND,BrandeeJoannaSTRICKLAND@gmail.com
Yanin,Shenique,SHELTON,YaninSheniqueSHELTON@gmail.com
Taryn,Shahid,ACEVEDO,TarynShahidACEVEDO@gmail.com
Gitty,Kena,SOLIS,GittyKenaSOLIS@gmail.com
Cadi,Deontaye,HUBBARD,CadiDeontayeHUBBARD@gmail.com
Katrin,Abhinav,RUBIO,KatrinAbhinavRUBIO@gmail.com
Jalonda,Aunna,DOMINGUEZ,JalondaAunnaDOMINGUEZ@gmail.com
Sadi,Yusuke,WILLIS,SadiYusukeWILLIS@gmail.com
Lessly,Amrit,SHEPARD,LesslyAmritSHEPARD@gmail.com
Micholas,Cailee,COLLIER,MicholasCaileeCOLLIER@gmail.com
Katrese,Christepher,AVILA,KatreseChristepherAVILA@gmail.com
Durron,Peyton,GARCIA,DurronPeytonGARCIA@gmail.com
Britanny,Shadana,SHEPHERD,BritannyShadanaSHEPHERD@gmail.com
Lawrence,Tannaz,WALKER,LawrenceTannazWALKER@gmail.com
Avilene,Markell,PARSONS,AvileneMarkellPARSONS@gmail.com
Jocabed,Nora,CLEMENTS,JocabedNoraCLEMENTS@gmail.com
Lawrence,Aron,DELAROSA,LawrenceAronDELAROSA@gmail.com
Arial,Cynthia,CHAVEZ,ArialCynthiaCHAVEZ@gmail.com
Davonya,Dessiree,MAYNARD,DavonyaDessireeMAYNARD@gmail.com
Marinna,Lisamarie,MARQUEZ,MarinnaLisamarieMARQUEZ@gmail.com
Leasha,Latigra,TRAVIS,LeashaLatigraTRAVIS@gmail.com
Jeana,Sabree,SHAW,JeanaSabreeSHAW@gmail.com
Annastasia,Darwin,CANTU,AnnastasiaDarwinCANTU@gmail.com
Tiersa,Sarahelizabeth,FRENCH,TiersaSarahelizabethFRENCH@gmail.com
Meghin,Carlisha,PERRY,MeghinCarlishaPERRY@gmail.com
Shanteal,Iman,ROWLAND,ShantealImanROWLAND@gmail.com
Candelaria,Benicia,ARMSTRONG,CandelariaBeniciaARMSTRONG@gmail.com
Adalinda,Tyon,COOK,AdalindaTyonCOOK@gmail.com
Gennie,Kassaundra,BLANCHARD,GennieKassaundraBLANCHARD@gmail.com
Kahealani,Eoin,STEWART,KahealaniEoinSTEWART@gmail.com
Ahren,Rachal,KAUR,AhrenRachalKAUR@gmail.com
Ela,Keirstin,BOWMAN,ElaKeirstinBOWMAN@gmail.com
Cristobal,Collis,SOSA,CristobalCollisSOSA@gmail.com
Scottia,Haitham,GRIFFIN,ScottiaHaithamGRIFFIN@gmail.com
Sandon,Taleah,GRIFFITH,SandonTaleahGRIFFITH@gmail.com
Rohini,Traci,TERRY,RohiniTraciTERRY@gmail.com
Tucker,Regis,POOLE,TuckerRegisPOOLE@gmail.com
Belem,Lazarus,SHEPARD,BelemLazarusSHEPARD@gmail.com
Teofilo,Dilan,REID,TeofiloDilanREID@gmail.com
Fannie,Hollister,BRADSHAW,FannieHollisterBRADSHAW@gmail.com
Markeese,Javon,BERRY,MarkeeseJavonBERRY@gmail.com
Cecillia,Sabrina,MELTON,CecilliaSabrinaMELTON@gmail.com
Sabir,Rosamond,FARLEY,SabirRosamondFARLEY@gmail.com
Jolean,Ronnie,GOODWIN,JoleanRonnieGOODWIN@gmail.com
Lakeith,Mishel,HARDING,LakeithMishelHARDING@gmail.com
Katriana,Torrie,HOWARD,KatrianaTorrieHOWARD@gmail.com
Chevonne,Nicolis,BOYER,ChevonneNicolisBOYER@gmail.com
Nathaniel,Jerad,SHAW,NathanielJeradSHAW@gmail.com
Zaki,Ladarrian,CAMERON,ZakiLadarrianCAMERON@gmail.com
Cheisea,Connell,ESPARZA,CheiseaConnellESPARZA@gmail.com
Denelle,Sanjay,RUSH,DenelleSanjayRUSH@gmail.com
Kjersten,Nader,SHANNON,KjerstenNaderSHANNON@gmail.com
Vanetta,Marbeya,KIRBY,VanettaMarbeyaKIRBY@gmail.com
Quince,Starlet,FRAZIER,QuinceStarletFRAZIER@gmail.com
Keayra,Alson,ROSAS,KeayraAlsonROSAS@gmail.com
Regan,Steve,RIVAS,ReganSteveRIVAS@gmail.com
Trever,Lizzeth,SIERRA,TreverLizzethSIERRA@gmail.com
Cherise,Neilpatrick,MCLAUGHLIN,CheriseNeilpatrickMCLAUGHLIN@gmail.com
Keontae,Saeed,SCHMITT,KeontaeSaeedSCHMITT@gmail.com
Reagan,Elissia,FIGUEROA,ReaganElissiaFIGUEROA@gmail.com
Alesia,Kara,SAUNDERS,AlesiaKaraSAUNDERS@gmail.com
Tywon,Lisett,ESQUIVEL,TywonLisettESQUIVEL@gmail.com
Jacy,Demarquis,BALL,JacyDemarquisBALL@gmail.com
Kentavius,Darnell,SANTOS,KentaviusDarnellSANTOS@gmail.com
Delanna,Hena,BRANCH,DelannaHenaBRANCH@gmail.com
Marylynn,Myranda,BOYER,MarylynnMyrandaBOYER@gmail.com
Keeona,Tynan,MCCULLOUGH,KeeonaTynanMCCULLOUGH@gmail.com
Kimberely,Edgar,MACK,KimberelyEdgarMACK@gmail.com
Kortni,Jasenia,RANDOLPH,KortniJaseniaRANDOLPH@gmail.com
Londell,Tacara,BERGER,LondellTacaraBERGER@gmail.com
Subrina,Jourdain,MARSHALL,SubrinaJourdainMARSHALL@gmail.com
Shandricka,Anaiz,WASHINGTON,ShandrickaAnaizWASHINGTON@gmail.com
Kristeena,Alane,GARRISON,KristeenaAlaneGARRISON@gmail.com
Emilo,Rajni,MORA,EmiloRajniMORA@gmail.com
Algenis,Mariateresa,HOWARD,AlgenisMariateresaHOWARD@gmail.com
Telesforo,Derelle,LI,TelesforoDerelleLI@gmail.com
Renald,Sharee,LANE,RenaldShareeLANE@gmail.com
Perry,Estephany,STEIN,PerryEstephanySTEIN@gmail.com
Alegandra,Laurena,LUNA,AlegandraLaurenaLUNA@gmail.com
Kathi,Carl,PEARSON,KathiCarlPEARSON@gmail.com
Eleana,Lenny,VELASQUEZ,EleanaLennyVELASQUEZ@gmail.com
Xander,Tacarra,TYLER,XanderTacarraTYLER@gmail.com
Sabas,Desteny,DIXON,SabasDestenyDIXON@gmail.com
Janique,Graden,GALLAGHER,JaniqueGradenGALLAGHER@gmail.com
Jacqualyn,Adonus,WOLF,JacqualynAdonusWOLF@gmail.com
Emmanuela,Kassara,KEITH,EmmanuelaKassaraKEITH@gmail.com
Tiffanni,Maryanne,MCCULLOUGH,TiffanniMaryanneMCCULLOUGH@gmail.com
Jeanmichael,Lyndia,BASS,JeanmichaelLyndiaBASS@gmail.com
Jamarri,Deundra,JACKSON,JamarriDeundraJACKSON@gmail.com
Gery,Virgil,SHEPARD,GeryVirgilSHEPARD@gmail.com
Constantinos,Rielly,JONES,ConstantinosRiellyJONES@gmail.com
Amrita,Cameren,CARPENTER,AmritaCamerenCARPENTER@gmail.com
Keshona,Latiqua,MEADOWS,KeshonaLatiquaMEADOWS@gmail.com
Gianina,Moana,BUSH,GianinaMoanaBUSH@gmail.com
Trinidad,Rumeal,CORTES,TrinidadRumealCORTES@gmail.com
Rosanna,Keva,MCDONALD,RosannaKevaMCDONALD@gmail.com
Krystopher,Toyia,RANDOLPH,KrystopherToyiaRANDOLPH@gmail.com
Lashana,Rasheem,KLEIN,LashanaRasheemKLEIN@gmail.com
Kasha,Maisa,HUMPHREY,KashaMaisaHUMPHREY@gmail.com
Charisma,Janiqua,SCHNEIDER,CharismaJaniquaSCHNEIDER@gmail.com
Xavian,Diandre,HOLMES,XavianDiandreHOLMES@gmail.com
Latavius,Lacara,ROMERO,LataviusLacaraROMERO@gmail.com
Chessa,Quanda,ANTHONY,ChessaQuandaANTHONY@gmail.com
Ilise,Tomoko,ROBERSON,IliseTomokoROBERSON@gmail.com
Andreana,Emillio,BLACK,AndreanaEmillioBLACK@gmail.com
Philomena,Fernando,BARBER,PhilomenaFernandoBARBER@gmail.com
Kortni,Shailey,HOPKINS,KortniShaileyHOPKINS@gmail.com
Nikolas,Bentley,NIELSEN,NikolasBentleyNIELSEN@gmail.com
November,Reeve,GOOD,NovemberReeveGOOD@gmail.com
Johniece,Kellie,HOUSE,JohnieceKellieHOUSE@gmail.com
Noemy,Conesha,BLACKWELL,NoemyConeshaBLACKWELL@gmail.com
Laneesha,Nicole,MCINTYRE,LaneeshaNicoleMCINTYRE@gmail.com
Katlynne,Kalla,REYNOLDS,KatlynneKallaREYNOLDS@gmail.com
Quiana,Lacinda,DAVIS,QuianaLacindaDAVIS@gmail.com
Rogan,Ketra,ESPINOZA,RoganKetraESPINOZA@gmail.com
Delena,Geovany,RODGERS,DelenaGeovanyRODGERS@gmail.com
Feige,Scottie,STANTON,FeigeScottieSTANTON@gmail.com
Datrice,Chevy,GOOD,DatriceChevyGOOD@gmail.com
Lunden,Genna,ESPARZA,LundenGennaESPARZA@gmail.com
Kirstie,Josemiguel,MERCADO,KirstieJosemiguelMERCADO@gmail.com
Sarai,Mcarthur,AVILA,SaraiMcarthurAVILA@gmail.com
Tyronda,Cherisa,CHANDLER,TyrondaCherisaCHANDLER@gmail.com
Courtney,Marqueisha,ARCHER,CourtneyMarqueishaARCHER@gmail.com
Kimiya,Denardo,MCKINNEY,KimiyaDenardoMCKINNEY@gmail.com
Kayley,Eusebio,THOMPSON,KayleyEusebioTHOMPSON@gmail.com
Tremel,Yaron,BONILLA,TremelYaronBONILLA@gmail.com
Marilou,Rasheda,HORTON,MarilouRashedaHORTON@gmail.com
Chastin,Dwayne,AVALOS,ChastinDwayneAVALOS@gmail.com
Alva,Akash,CAMPOS,AlvaAkashCAMPOS@gmail.com
Leighton,Tiphanie,GONZALES,LeightonTiphanieGONZALES@gmail.com
Alane,Sumeet,MARTIN,AlaneSumeetMARTIN@gmail.com
Janesa,Raelle,BOND,JanesaRaelleBOND@gmail.com
Charnai,Jarius,FOWLER,CharnaiJariusFOWLER@gmail.com
Aven,Kaleen,VALDEZ,AvenKaleenVALDEZ@gmail.com
Kramer,Canaan,MEADOWS,KramerCanaanMEADOWS@gmail.com
Nevin,Nasario,CANTRELL,NevinNasarioCANTRELL@gmail.com
Kit,Davita,BRIGGS,KitDavitaBRIGGS@gmail.com
Adeel,Myca,LARA,AdeelMycaLARA@gmail.com
Jerwin,Mylin,STRONG,JerwinMylinSTRONG@gmail.com
Lania,Montrel,SALGADO,LaniaMontrelSALGADO@gmail.com
Ena,Myah,ESPINOSA,EnaMyahESPINOSA@gmail.com
Jessey,Cameren,FROST,JesseyCamerenFROST@gmail.com
Lon,Reagan,NICHOLSON,LonReaganNICHOLSON@gmail.com
Kelli,Sheron,CALLAHAN,KelliSheronCALLAHAN@gmail.com
Tamekia,Jadira,TORRES,TamekiaJadiraTORRES@gmail.com
Keisuke,Deshanna,BURNS,KeisukeDeshannaBURNS@gmail.com
Auston,Kolbe,GARZA,AustonKolbeGARZA@gmail.com
Mckenzie,Casey,DAVENPORT,MckenzieCaseyDAVENPORT@gmail.com
Purnell,Maram,SPENCE,PurnellMaramSPENCE@gmail.com
Taneshia,Nasser,HANNA,TaneshiaNasserHANNA@gmail.com
Faizah,Cordarious,PUGH,FaizahCordariousPUGH@gmail.com
Analis,Simi,MENDOZA,AnalisSimiMENDOZA@gmail.com
Karnisha,Leya,CORDOVA,KarnishaLeyaCORDOVA@gmail.com
Cerra,Laria,VU,CerraLariaVU@gmail.com
Najah,Rosilyn,HOWARD,NajahRosilynHOWARD@gmail.com
Calena,Lori,STANLEY,CalenaLoriSTANLEY@gmail.com
Abel,Sheina,STEPHENSON,AbelSheinaSTEPHENSON@gmail.com
Jecory,Soledad,JENNINGS,JecorySoledadJENNINGS@gmail.com
Britian,Dalin,MORAN,BritianDalinMORAN@gmail.com
Maxwell,Natassia,COLLINS,MaxwellNatassiaCOLLINS@gmail.com
Erial,Tobby,WHITE,ErialTobbyWHITE@gmail.com
Kambri,Shadoe,ARROYO,KambriShadoeARROYO@gmail.com
Nocholas,Jameca,OBRIEN,NocholasJamecaOBRIEN@gmail.com
Mileah,Catie,DUDLEY,MileahCatieDUDLEY@gmail.com
Kalli,Meaghan,ESQUIVEL,KalliMeaghanESQUIVEL@gmail.com
Asa,Rakia,MCCANN,AsaRakiaMCCANN@gmail.com
Coralia,Donatello,MONTGOMERY,CoraliaDonatelloMONTGOMERY@gmail.com
Tauni,Lamar,PATEL,TauniLamarPATEL@gmail.com
Braxston,Baley,VO,BraxstonBaleyVO@gmail.com
Cordelro,Tari,BARRON,CordelroTariBARRON@gmail.com
Ashby,Pavel,POOLE,AshbyPavelPOOLE@gmail.com
Brennan,Vinh,HORTON,BrennanVinhHORTON@gmail.com
Teia,Kendall,WATKINS,TeiaKendallWATKINS@gmail.com
Kerrigan,Kionna,BEAN,KerriganKionnaBEAN@gmail.com
Ervin,Terisa,BLACKBURN,ErvinTerisaBLACKBURN@gmail.com
Lanette,Bronsen,KENNEDY,LanetteBronsenKENNEDY@gmail.com
Devanee,Kami,MASSEY,DevaneeKamiMASSEY@gmail.com
Tacorey,Waylan,YATES,TacoreyWaylanYATES@gmail.com
Mandel,Wesleigh,BOONE,MandelWesleighBOONE@gmail.com
Altovise,Laticia,MORRIS,AltoviseLaticiaMORRIS@gmail.com
Sheresa,Kaytee,COX,SheresaKayteeCOX@gmail.com
Sharena,Panyia,TATE,SharenaPanyiaTATE@gmail.com
Vang,Meg,WYATT,VangMegWYATT@gmail.com
Ramey,Tiauna,WISE,RameyTiaunaWISE@gmail.com
Shanice,Chaunte,SMALL,ShaniceChaunteSMALL@gmail.com
Carmela,Lorianna,OLIVER,CarmelaLoriannaOLIVER@gmail.com
Ramie,Shardae,ASHLEY,RamieShardaeASHLEY@gmail.com
Victory,Matina,SAVAGE,VictoryMatinaSAVAGE@gmail.com
Traneshia,Tieara,ACEVEDO,TraneshiaTiearaACEVEDO@gmail.com
Ricahrd,Job,MORROW,RicahrdJobMORROW@gmail.com
Jaylee,Leigh,ARMSTRONG,JayleeLeighARMSTRONG@gmail.com
Reka,Camee,BENJAMIN,RekaCameeBENJAMIN@gmail.com
Nickolas,Kiele,HENSLEY,NickolasKieleHENSLEY@gmail.com
Bevin,Wheeler,NOBLE,BevinWheelerNOBLE@gmail.com
Raine,Roselyn,MOYER,RaineRoselynMOYER@gmail.com
Delvin,Laqueta,BUCK,DelvinLaquetaBUCK@gmail.com
Maxxwell,Alyx,ARIAS,MaxxwellAlyxARIAS@gmail.com
Dabney,Georgianna,PATEL,DabneyGeorgiannaPATEL@gmail.com
Devonie,Ellery,WALSH,DevonieElleryWALSH@gmail.com
Aneesh,Yelena,BRENNAN,AneeshYelenaBRENNAN@gmail.com
Corky,Kaelyn,RODRIGUEZ,CorkyKaelynRODRIGUEZ@gmail.com
Travin,Layton,WHEELER,TravinLaytonWHEELER@gmail.com
Akila,Starlet,MICHAEL,AkilaStarletMICHAEL@gmail.com
Kalila,Jerrod,SCHMITT,KalilaJerrodSCHMITT@gmail.com
Noemi,Briel,MICHAEL,NoemiBrielMICHAEL@gmail.com
Capri,Tristan,VALENCIA,CapriTristanVALENCIA@gmail.com
Liora,Sundeep,THOMPSON,LioraSundeepTHOMPSON@gmail.com
Sharrod,Shaheed,HERNANDEZ,SharrodShaheedHERNANDEZ@gmail.com
Harland,Javontae,REEVES,HarlandJavontaeREEVES@gmail.com
Chanice,Jerald,HAYES,ChaniceJeraldHAYES@gmail.com
Simon,Christophor,CAMACHO,SimonChristophorCAMACHO@gmail.com
Kathren,Lynsi,ACEVEDO,KathrenLynsiACEVEDO@gmail.com
Jamaris,Azalee,HEATH,JamarisAzaleeHEATH@gmail.com
Donyae,Hosie,WALTON,DonyaeHosieWALTON@gmail.com
Billyjoe,Jemichael,COFFEY,BillyjoeJemichaelCOFFEY@gmail.com
Majesta,Shawndell,FORD,MajestaShawndellFORD@gmail.com
Laquitia,Shaquila,RIOS,LaquitiaShaquilaRIOS@gmail.com
Breena,Jericah,HARDING,BreenaJericahHARDING@gmail.com
Dametria,Sade,SUAREZ,DametriaSadeSUAREZ@gmail.com
Brittni,Zeyad,DUFFY,BrittniZeyadDUFFY@gmail.com
Davetta,Miosha,PAYNE,DavettaMioshaPAYNE@gmail.com
Wali,Rio,RICHMOND,WaliRioRICHMOND@gmail.com
Tyna,Gianna,AVALOS,TynaGiannaAVALOS@gmail.com
Bryen,Rani,HALEY,BryenRaniHALEY@gmail.com
Tesia,Laure,MCINTYRE,TesiaLaureMCINTYRE@gmail.com
Aurelia,Sareen,STARK,AureliaSareenSTARK@gmail.com
Jadah,Devonne,KERR,JadahDevonneKERR@gmail.com
Idaly,Lakecia,SALGADO,IdalyLakeciaSALGADO@gmail.com
Cassius,Ravin,WONG,CassiusRavinWONG@gmail.com
Frannie,Paden,STRONG,FranniePadenSTRONG@gmail.com
Sascha,Chevon,GOODWIN,SaschaChevonGOODWIN@gmail.com
Briant,Eban,FOSTER,BriantEbanFOSTER@gmail.com
Kember,Daphnie,WALLS,KemberDaphnieWALLS@gmail.com
Kaui,Verdell,MERRITT,KauiVerdellMERRITT@gmail.com
Jeanette,Sampson,BALL,JeanetteSampsonBALL@gmail.com
Rashad,Nashia,ELLIS,RashadNashiaELLIS@gmail.com
Gerren,Ellyssa,MCCLURE,GerrenEllyssaMCCLURE@gmail.com
Yusuke,Challen,BALLARD,YusukeChallenBALLARD@gmail.com
Corrissa,Deric,ADAMS,CorrissaDericADAMS@gmail.com
Kyleah,Tylesha,LOWERY,KyleahTyleshaLOWERY@gmail.com
Jolena,Nea,CHASE,JolenaNeaCHASE@gmail.com
Frandy,Denyse,WILLIS,FrandyDenyseWILLIS@gmail.com
Maite,Janeth,TUCKER,MaiteJanethTUCKER@gmail.com
Taja,Meera,KIRBY,TajaMeeraKIRBY@gmail.com
Shauntee,Demarkis,BARTON,ShaunteeDemarkisBARTON@gmail.com
Lamario,Karston,SOLIS,LamarioKarstonSOLIS@gmail.com
Moise,Esteven,RUIZ,MoiseEstevenRUIZ@gmail.com
Ekaterina,Zedric,PACHECO,EkaterinaZedricPACHECO@gmail.com
Lenzy,Idalia,STOKES,LenzyIdaliaSTOKES@gmail.com
Johann,Shronda,STEVENS,JohannShrondaSTEVENS@gmail.com
Joey,Gilbert,CRAWFORD,JoeyGilbertCRAWFORD@gmail.com
Donta,Anabel,REYES,DontaAnabelREYES@gmail.com
Eldred,Gisela,TERRY,EldredGiselaTERRY@gmail.com
Tyvon,Geremie,MORRISON,TyvonGeremieMORRISON@gmail.com
Jerrelle,Dolores,MOORE,JerrelleDoloresMOORE@gmail.com
Khalilah,Ronreaco,MORENO,KhalilahRonreacoMORENO@gmail.com
Anina,Abed,BERRY,AninaAbedBERRY@gmail.com
Edris,Sydney,FRANKLIN,EdrisSydneyFRANKLIN@gmail.com
Alexx,Natally,ANDERSEN,AlexxNatallyANDERSEN@gmail.com
Farrah,Karmin,ELLIS,FarrahKarminELLIS@gmail.com
Macdonald,Greyson,MCDANIEL,MacdonaldGreysonMCDANIEL@gmail.com
Bekka,Kennard,KNAPP,BekkaKennardKNAPP@gmail.com
Trenton,Dennisha,NIELSEN,TrentonDennishaNIELSEN@gmail.com
Haylie,Auri,PENA,HaylieAuriPENA@gmail.com
Lev,Amberlea,ALI,LevAmberleaALI@gmail.com
Jireh,Lacie,HAYDEN,JirehLacieHAYDEN@gmail.com
Jermel,Valerie,POWERS,JermelValeriePOWERS@gmail.com
Kierre,Carin,LINDSEY,KierreCarinLINDSEY@gmail.com
Wilford,Taralynn,JACOBS,WilfordTaralynnJACOBS@gmail.com
Saadia,Shenaye,RANDOLPH,SaadiaShenayeRANDOLPH@gmail.com
Eligha,Shineka,TREJO,ElighaShinekaTREJO@gmail.com
Feather,Donta,JACOBSON,FeatherDontaJACOBSON@gmail.com
Markevis,Kaitlan,TODD,MarkevisKaitlanTODD@gmail.com
Ariella,Albaro,HART,AriellaAlbaroHART@gmail.com
Randa,Erin,SINGLETON,RandaErinSINGLETON@gmail.com
Montrel,Leny,CALHOUN,MontrelLenyCALHOUN@gmail.com
Ferris,Candido,KHAN,FerrisCandidoKHAN@gmail.com
Rumaldo,Celestino,RAMIREZ,RumaldoCelestinoRAMIREZ@gmail.com
Shantal,Tahlia,TRUONG,ShantalTahliaTRUONG@gmail.com
Clayton,Evin,BOWMAN,ClaytonEvinBOWMAN@gmail.com
Matilda,Carsten,HENDRICKS,MatildaCarstenHENDRICKS@gmail.com
Alisen,Hailee,ANTHONY,AlisenHaileeANTHONY@gmail.com
Kena,Wallace,LYONS,KenaWallaceLYONS@gmail.com
Indalecio,Emily,SCHAEFER,IndalecioEmilySCHAEFER@gmail.com
Brittony,Talor,YU,BrittonyTalorYU@gmail.com
Stefon,Velinda,HUTCHINSON,StefonVelindaHUTCHINSON@gmail.com
Cleve,Tariq,MEYERS,CleveTariqMEYERS@gmail.com
Rosaelia,Kyson,SERRANO,RosaeliaKysonSERRANO@gmail.com
Jessical,Chaneka,RIVAS,JessicalChanekaRIVAS@gmail.com
Cinthia,Rashawna,CALDWELL,CinthiaRashawnaCALDWELL@gmail.com
Jaya,Morad,REED,JayaMoradREED@gmail.com
Bandon,Ameila,SIMON,BandonAmeilaSIMON@gmail.com
Shawana,Takyra,STEVENS,ShawanaTakyraSTEVENS@gmail.com
Brentley,Enoc,ORTIZ,BrentleyEnocORTIZ@gmail.com
Markell,Sholom,ANDERSON,MarkellSholomANDERSON@gmail.com
Shavona,Flor,MOODY,ShavonaFlorMOODY@gmail.com
Devany,Shakela,HORN,DevanyShakelaHORN@gmail.com
Catlynn,Camarie,SWEENEY,CatlynnCamarieSWEENEY@gmail.com
Demetrice,Klee,WALTON,DemetriceKleeWALTON@gmail.com
Jamille,Cornesha,NASH,JamilleCorneshaNASH@gmail.com
Keiland,Evelio,BANKS,KeilandEvelioBANKS@gmail.com
Naquan,Talar,PRUITT,NaquanTalarPRUITT@gmail.com
Merna,Arcadio,LINDSEY,MernaArcadioLINDSEY@gmail.com
Gwyneth,Annica,MURPHY,GwynethAnnicaMURPHY@gmail.com
Hoby,Eustacio,GOODMAN,HobyEustacioGOODMAN@gmail.com
Mikyle,Iysha,SNOW,MikyleIyshaSNOW@gmail.com
Macie,Neyda,ARIAS,MacieNeydaARIAS@gmail.com
Rasheen,Cherika,TOWNSEND,RasheenCherikaTOWNSEND@gmail.com
Ronishia,Kalil,WALTON,RonishiaKalilWALTON@gmail.com
Jaimi,Ashlye,JARAMILLO,JaimiAshlyeJARAMILLO@gmail.com
Punit,Mahogany,PEARSON,PunitMahoganyPEARSON@gmail.com
Derrious,Cheyney,GREEN,DerriousCheyneyGREEN@gmail.com
Adra,Zakiya,WALTERS,AdraZakiyaWALTERS@gmail.com
Shaquil,Lynn,ODOM,ShaquilLynnODOM@gmail.com
Nathon,Diarra,TYLER,NathonDiarraTYLER@gmail.com
Kenneisha,Harini,MARQUEZ,KenneishaHariniMARQUEZ@gmail.com
Nitzia,Margret,KERR,NitziaMargretKERR@gmail.com
Girard,Lauri,LYNCH,GirardLauriLYNCH@gmail.com
Quynhnhu,Jasmain,MALONE,QuynhnhuJasmainMALONE@gmail.com
Ann,Yu,WANG,AnnYuWANG@gmail.com
Sommer,Naomie,LIM,SommerNaomieLIM@gmail.com
Cricket,Delance,MAYO,CricketDelanceMAYO@gmail.com
Alona,Sharise,ROSALES,AlonaShariseROSALES@gmail.com
Tristin,Tameeka,FRIEDMAN,TristinTameekaFRIEDMAN@gmail.com
Rosanne,Clarissa,ASHLEY,RosanneClarissaASHLEY@gmail.com
Sandrine,Dashia,NORMAN,SandrineDashiaNORMAN@gmail.com
Denna,Stpehen,MORSE,DennaStpehenMORSE@gmail.com
Shelisha,Dinah,KLINE,ShelishaDinahKLINE@gmail.com
Allysia,Lanell,LUGO,AllysiaLanellLUGO@gmail.com
Tanner,Markisha,CERVANTES,TannerMarkishaCERVANTES@gmail.com
Darron,Jessie,HAIL,DarronJessieHAIL@gmail.com
Lamonica,Shaunae,PERRY,LamonicaShaunaePERRY@gmail.com
Sharissa,Maram,JARVIS,SharissaMaramJARVIS@gmail.com
Tosh,Javoni,HUBER,ToshJavoniHUBER@gmail.com
Jeret,Carin,WEISS,JeretCarinWEISS@gmail.com
Antonis,Jozie,PUGH,AntonisJoziePUGH@gmail.com
Renise,Cheyenne,TRUONG,ReniseCheyenneTRUONG@gmail.com
Stormy,Lichelle,BRANDT,StormyLichelleBRANDT@gmail.com
Haasan,Lutisha,WYATT,HaasanLutishaWYATT@gmail.com
Trenice,Lexi,JOHNSTON,TreniceLexiJOHNSTON@gmail.com
Laycie,Howie,ROSALES,LaycieHowieROSALES@gmail.com
Maresha,Makisha,LEWIS,MareshaMakishaLEWIS@gmail.com
Latona,Tiauna,HEBERT,LatonaTiaunaHEBERT@gmail.com
Jacolyn,Brandie,BREWER,JacolynBrandieBREWER@gmail.com
Charly,Everardo,DICKERSON,CharlyEverardoDICKERSON@gmail.com
Hayde,Leeanna,VEGA,HaydeLeeannaVEGA@gmail.com
Tarell,Terrilyn,ARIAS,TarellTerrilynARIAS@gmail.com
Dacoda,Griselda,JONES,DacodaGriseldaJONES@gmail.com
Shanequa,Kristalyn,LEE,ShanequaKristalynLEE@gmail.com
Telma,Rubie,SALINAS,TelmaRubieSALINAS@gmail.com
Jerick,Roniesha,WILEY,JerickRonieshaWILEY@gmail.com
Kristyne,Williams,SANTANA,KristyneWilliamsSANTANA@gmail.com
Kasee,Muriah,COX,KaseeMuriahCOX@gmail.com
Roscoe,Edvardo,GREENE,RoscoeEdvardoGREENE@gmail.com
Amaryllis,Duron,RICHMOND,AmaryllisDuronRICHMOND@gmail.com
Daron,Enna,LOVE,DaronEnnaLOVE@gmail.com
Tamar,Sephanie,CASTILLO,TamarSephanieCASTILLO@gmail.com
Niema,Emmalea,KOCH,NiemaEmmaleaKOCH@gmail.com
Maryfrances,Nycole,HOLLAND,MaryfrancesNycoleHOLLAND@gmail.com
Lisaann,Franklyn,BRIDGES,LisaannFranklynBRIDGES@gmail.com
Rena,Yanci,CAMPOS,RenaYanciCAMPOS@gmail.com
Sydnye,Emmeline,STOKES,SydnyeEmmelineSTOKES@gmail.com
Rashell,Vesta,UNDERWOOD,RashellVestaUNDERWOOD@gmail.com
Nephtali,Zulay,MYERS,NephtaliZulayMYERS@gmail.com
Theophilus,Francine,CRAIG,TheophilusFrancineCRAIG@gmail.com
Cherilyn,Venisha,FRANKLIN,CherilynVenishaFRANKLIN@gmail.com
Othello,Kallen,FORD,OthelloKallenFORD@gmail.com
Alverto,Anastashia,OLSON,AlvertoAnastashiaOLSON@gmail.com
Tiandre,Afrika,AGUILAR,TiandreAfrikaAGUILAR@gmail.com
Vaneza,Cassandre,RICHARD,VanezaCassandreRICHARD@gmail.com
Paulmichael,Jerrelle,WATTS,PaulmichaelJerrelleWATTS@gmail.com
Shaquayla,Shataria,RANDALL,ShaquaylaShatariaRANDALL@gmail.com
Sinclair,Searra,HOWE,SinclairSearraHOWE@gmail.com
Karmen,Esli,LEE,KarmenEsliLEE@gmail.com
Dabney,Devinne,VARGAS,DabneyDevinneVARGAS@gmail.com
Ansel,Aira,SUTTON,AnselAiraSUTTON@gmail.com
Shelbie,Shinea,HALE,ShelbieShineaHALE@gmail.com
Daisuke,Karem,THOMPSON,DaisukeKaremTHOMPSON@gmail.com
Mauricia,Andreina,CUMMINGS,MauriciaAndreinaCUMMINGS@gmail.com
Enriquez,Chasmine,ROSAS,EnriquezChasmineROSAS@gmail.com
Isiaha,Janiece,HALE,IsiahaJanieceHALE@gmail.com
Shantae,Faythe,MCCLAIN,ShantaeFaytheMCCLAIN@gmail.com
Ilija,Kyndal,VAUGHAN,IlijaKyndalVAUGHAN@gmail.com
Marques,Ting,TERRELL,MarquesTingTERRELL@gmail.com
Carmen,Satara,FISCHER,CarmenSataraFISCHER@gmail.com
Jacquelene,Rapheal,LU,JacqueleneRaphealLU@gmail.com
Jobeth,Delorean,TANNER,JobethDeloreanTANNER@gmail.com
Cristabel,Shekela,BOND,CristabelShekelaBOND@gmail.com
Roshni,Dayron,BREWER,RoshniDayronBREWER@gmail.com
Nitzia,Bradley,PORTER,NitziaBradleyPORTER@gmail.com
Christianne,Kimya,HIGGINS,ChristianneKimyaHIGGINS@gmail.com
Olinda,Holly,ARMSTRONG,OlindaHollyARMSTRONG@gmail.com
Cayman,Keath,SPENCER,CaymanKeathSPENCER@gmail.com
Joylynn,Doretha,GALINDO,JoylynnDorethaGALINDO@gmail.com
Delisha,Joella,HAYES,DelishaJoellaHAYES@gmail.com
Artie,Jacori,NICHOLSON,ArtieJacoriNICHOLSON@gmail.com
Heatherann,Joh,MCCANN,HeatherannJohMCCANN@gmail.com
Sharane,Natania,MCDANIEL,SharaneNataniaMCDANIEL@gmail.com
Cortlandt,Maleah,SHORT,CortlandtMaleahSHORT@gmail.com
Tashanique,Amalia,FRAZIER,TashaniqueAmaliaFRAZIER@gmail.com
Deaundrea,Shaquella,COCHRAN,DeaundreaShaquellaCOCHRAN@gmail.com
Uvaldo,Sonita,BOWEN,UvaldoSonitaBOWEN@gmail.com
Jenilyn,Tonea,THORNTON,JenilynToneaTHORNTON@gmail.com
Avian,Tashema,AYALA,AvianTashemaAYALA@gmail.com
Jamari,Shenitra,CHANDLER,JamariShenitraCHANDLER@gmail.com
Alina,Laquette,EDWARDS,AlinaLaquetteEDWARDS@gmail.com
Leeroy,Kaleigh,HOLMES,LeeroyKaleighHOLMES@gmail.com
Danell,Dane,GRANT,DanellDaneGRANT@gmail.com
Jacqlynn,Chrishawna,BREWER,JacqlynnChrishawnaBREWER@gmail.com
Noemi,Victoriano,ODONNELL,NoemiVictorianoODONNELL@gmail.com
Abdul,Laurance,WALSH,AbdulLauranceWALSH@gmail.com
Deshana,Brayn,SAMPSON,DeshanaBraynSAMPSON@gmail.com
Jacari,Avary,CANNON,JacariAvaryCANNON@gmail.com
Armando,Sari,KNIGHT,ArmandoSariKNIGHT@gmail.com
Geordan,Barnett,WEEKS,GeordanBarnettWEEKS@gmail.com
Khadijah,Deniz,HOGAN,KhadijahDenizHOGAN@gmail.com
Kairee,Chalandra,DUNCAN,KaireeChalandraDUNCAN@gmail.com
Edilberto,Chapin,MCKEE,EdilbertoChapinMCKEE@gmail.com
Rosemarie,Jessicca,WOODS,RosemarieJessiccaWOODS@gmail.com
Nico,Amaan,SANTOS,NicoAmaanSANTOS@gmail.com
Anais,Secret,CORTEZ,AnaisSecretCORTEZ@gmail.com
Fayth,Toneka,DUKE,FaythTonekaDUKE@gmail.com
Baldomero,Shantalle,WEBB,BaldomeroShantalleWEBB@gmail.com
Kelisa,Djuana,BEASLEY,KelisaDjuanaBEASLEY@gmail.com
Andrae,Ranie,CHARLES,AndraeRanieCHARLES@gmail.com
Wali,Kjirsten,JACOBSON,WaliKjirstenJACOBSON@gmail.com
Demetrias,Deniz,BEIL,DemetriasDenizBEIL@gmail.com
Chai,Cheyene,AHMED,ChaiCheyeneAHMED@gmail.com
Serra,Taraneh,OCONNELL,SerraTaranehOCONNELL@gmail.com
Ramie,Takema,BURNS,RamieTakemaBURNS@gmail.com
Babette,Blong,POTTS,BabetteBlongPOTTS@gmail.com